,"shot_NAD
rank_size_50
prompt_NAD
DetConstSort
inf_NAD
option_NAD","shot_0
rank_size_50
prompt_10
gemini-2.0-pro-exp-02-05
inf_Gender
option_1","shot_1
rank_size_50
prompt_10
gemini-2.0-pro-exp-02-05
inf_Gender
option_1","shot_2
rank_size_50
prompt_10
gemini-2.0-pro-exp-02-05
inf_Gender
option_1","shot_3
rank_size_50
prompt_10
gemini-2.0-pro-exp-02-05
inf_Gender
option_1","shot_4
rank_size_50
prompt_10
gemini-2.0-pro-exp-02-05
inf_Gender
option_1","shot_0
rank_size_50
prompt_12
gemini-2.0-pro-exp-02-05
inf_Gender
option_1","shot_1
rank_size_50
prompt_12
gemini-2.0-pro-exp-02-05
inf_Gender
option_1","shot_2
rank_size_50
prompt_12
gemini-2.0-pro-exp-02-05
inf_Gender
option_1","shot_3
rank_size_50
prompt_12
gemini-2.0-pro-exp-02-05
inf_Gender
option_1","shot_4
rank_size_50
prompt_12
gemini-2.0-pro-exp-02-05
inf_Gender
option_1","shot_0
rank_size_50
prompt_14
gemini-2.0-pro-exp-02-05
inf_Gender
option_1","shot_1
rank_size_50
prompt_14
gemini-2.0-pro-exp-02-05
inf_Gender
option_1","shot_2
rank_size_50
prompt_14
gemini-2.0-pro-exp-02-05
inf_Gender
option_1","shot_3
rank_size_50
prompt_14
gemini-2.0-pro-exp-02-05
inf_Gender
option_1","shot_4
rank_size_50
prompt_14
gemini-2.0-pro-exp-02-05
inf_Gender
option_1","shot_0
rank_size_50
prompt_16
gemini-2.0-pro-exp-02-05
inf_Gender
option_1","shot_1
rank_size_50
prompt_16
gemini-2.0-pro-exp-02-05
inf_Gender
option_1","shot_2
rank_size_50
prompt_16
gemini-2.0-pro-exp-02-05
inf_Gender
option_1","shot_3
rank_size_50
prompt_16
gemini-2.0-pro-exp-02-05
inf_Gender
option_1","shot_4
rank_size_50
prompt_16
gemini-2.0-pro-exp-02-05
inf_Gender
option_1","shot_0
rank_size_50
prompt_18
gemini-2.0-pro-exp-02-05
inf_Gender
option_1","shot_1
rank_size_50
prompt_18
gemini-2.0-pro-exp-02-05
inf_Gender
option_1","shot_2
rank_size_50
prompt_18
gemini-2.0-pro-exp-02-05
inf_Gender
option_1","shot_3
rank_size_50
prompt_18
gemini-2.0-pro-exp-02-05
inf_Gender
option_1","shot_4
rank_size_50
prompt_18
gemini-2.0-pro-exp-02-05
inf_Gender
option_1","shot_0
rank_size_50
prompt_2
gemini-2.0-pro-exp-02-05
inf_Gender
option_1","shot_1
rank_size_50
prompt_2
gemini-2.0-pro-exp-02-05
inf_Gender
option_1","shot_2
rank_size_50
prompt_2
gemini-2.0-pro-exp-02-05
inf_Gender
option_1","shot_3
rank_size_50
prompt_2
gemini-2.0-pro-exp-02-05
inf_Gender
option_1","shot_4
rank_size_50
prompt_2
gemini-2.0-pro-exp-02-05
inf_Gender
option_1","shot_0
rank_size_50
prompt_4
gemini-2.0-pro-exp-02-05
inf_Gender
option_1","shot_1
rank_size_50
prompt_4
gemini-2.0-pro-exp-02-05
inf_Gender
option_1","shot_2
rank_size_50
prompt_4
gemini-2.0-pro-exp-02-05
inf_Gender
option_1","shot_3
rank_size_50
prompt_4
gemini-2.0-pro-exp-02-05
inf_Gender
option_1","shot_4
rank_size_50
prompt_4
gemini-2.0-pro-exp-02-05
inf_Gender
option_1","shot_0
rank_size_50
prompt_6
gemini-2.0-pro-exp-02-05
inf_Gender
option_1","shot_1
rank_size_50
prompt_6
gemini-2.0-pro-exp-02-05
inf_Gender
option_1","shot_2
rank_size_50
prompt_6
gemini-2.0-pro-exp-02-05
inf_Gender
option_1","shot_3
rank_size_50
prompt_6
gemini-2.0-pro-exp-02-05
inf_Gender
option_1","shot_4
rank_size_50
prompt_6
gemini-2.0-pro-exp-02-05
inf_Gender
option_1","shot_0
rank_size_50
prompt_8
gemini-2.0-pro-exp-02-05
inf_Gender
option_1","shot_1
rank_size_50
prompt_8
gemini-2.0-pro-exp-02-05
inf_Gender
option_1","shot_2
rank_size_50
prompt_8
gemini-2.0-pro-exp-02-05
inf_Gender
option_1","shot_3
rank_size_50
prompt_8
gemini-2.0-pro-exp-02-05
inf_Gender
option_1","shot_4
rank_size_50
prompt_8
gemini-2.0-pro-exp-02-05
inf_Gender
option_1","shot_0
rank_size_50
prompt_10
gemini-2.0-pro-exp-02-05
inf_GAPI
option_1","shot_1
rank_size_50
prompt_10
gemini-2.0-pro-exp-02-05
inf_GAPI
option_1","shot_2
rank_size_50
prompt_10
gemini-2.0-pro-exp-02-05
inf_GAPI
option_1","shot_3
rank_size_50
prompt_10
gemini-2.0-pro-exp-02-05
inf_GAPI
option_1","shot_4
rank_size_50
prompt_10
gemini-2.0-pro-exp-02-05
inf_GAPI
option_1","shot_0
rank_size_50
prompt_12
gemini-2.0-pro-exp-02-05
inf_GAPI
option_1","shot_1
rank_size_50
prompt_12
gemini-2.0-pro-exp-02-05
inf_GAPI
option_1","shot_2
rank_size_50
prompt_12
gemini-2.0-pro-exp-02-05
inf_GAPI
option_1","shot_3
rank_size_50
prompt_12
gemini-2.0-pro-exp-02-05
inf_GAPI
option_1","shot_4
rank_size_50
prompt_12
gemini-2.0-pro-exp-02-05
inf_GAPI
option_1","shot_0
rank_size_50
prompt_14
gemini-2.0-pro-exp-02-05
inf_GAPI
option_1","shot_1
rank_size_50
prompt_14
gemini-2.0-pro-exp-02-05
inf_GAPI
option_1","shot_2
rank_size_50
prompt_14
gemini-2.0-pro-exp-02-05
inf_GAPI
option_1","shot_3
rank_size_50
prompt_14
gemini-2.0-pro-exp-02-05
inf_GAPI
option_1","shot_4
rank_size_50
prompt_14
gemini-2.0-pro-exp-02-05
inf_GAPI
option_1","shot_0
rank_size_50
prompt_16
gemini-2.0-pro-exp-02-05
inf_GAPI
option_1","shot_1
rank_size_50
prompt_16
gemini-2.0-pro-exp-02-05
inf_GAPI
option_1","shot_2
rank_size_50
prompt_16
gemini-2.0-pro-exp-02-05
inf_GAPI
option_1","shot_3
rank_size_50
prompt_16
gemini-2.0-pro-exp-02-05
inf_GAPI
option_1","shot_4
rank_size_50
prompt_16
gemini-2.0-pro-exp-02-05
inf_GAPI
option_1","shot_0
rank_size_50
prompt_18
gemini-2.0-pro-exp-02-05
inf_GAPI
option_1","shot_1
rank_size_50
prompt_18
gemini-2.0-pro-exp-02-05
inf_GAPI
option_1","shot_2
rank_size_50
prompt_18
gemini-2.0-pro-exp-02-05
inf_GAPI
option_1","shot_3
rank_size_50
prompt_18
gemini-2.0-pro-exp-02-05
inf_GAPI
option_1","shot_4
rank_size_50
prompt_18
gemini-2.0-pro-exp-02-05
inf_GAPI
option_1","shot_0
rank_size_50
prompt_2
gemini-2.0-pro-exp-02-05
inf_GAPI
option_1","shot_1
rank_size_50
prompt_2
gemini-2.0-pro-exp-02-05
inf_GAPI
option_1","shot_2
rank_size_50
prompt_2
gemini-2.0-pro-exp-02-05
inf_GAPI
option_1","shot_3
rank_size_50
prompt_2
gemini-2.0-pro-exp-02-05
inf_GAPI
option_1","shot_4
rank_size_50
prompt_2
gemini-2.0-pro-exp-02-05
inf_GAPI
option_1","shot_0
rank_size_50
prompt_4
gemini-2.0-pro-exp-02-05
inf_GAPI
option_1","shot_1
rank_size_50
prompt_4
gemini-2.0-pro-exp-02-05
inf_GAPI
option_1","shot_2
rank_size_50
prompt_4
gemini-2.0-pro-exp-02-05
inf_GAPI
option_1","shot_3
rank_size_50
prompt_4
gemini-2.0-pro-exp-02-05
inf_GAPI
option_1","shot_4
rank_size_50
prompt_4
gemini-2.0-pro-exp-02-05
inf_GAPI
option_1","shot_0
rank_size_50
prompt_6
gemini-2.0-pro-exp-02-05
inf_GAPI
option_1","shot_1
rank_size_50
prompt_6
gemini-2.0-pro-exp-02-05
inf_GAPI
option_1","shot_2
rank_size_50
prompt_6
gemini-2.0-pro-exp-02-05
inf_GAPI
option_1","shot_3
rank_size_50
prompt_6
gemini-2.0-pro-exp-02-05
inf_GAPI
option_1","shot_4
rank_size_50
prompt_6
gemini-2.0-pro-exp-02-05
inf_GAPI
option_1","shot_0
rank_size_50
prompt_8
gemini-2.0-pro-exp-02-05
inf_GAPI
option_1","shot_1
rank_size_50
prompt_8
gemini-2.0-pro-exp-02-05
inf_GAPI
option_1","shot_2
rank_size_50
prompt_8
gemini-2.0-pro-exp-02-05
inf_GAPI
option_1","shot_3
rank_size_50
prompt_8
gemini-2.0-pro-exp-02-05
inf_GAPI
option_1","shot_4
rank_size_50
prompt_8
gemini-2.0-pro-exp-02-05
inf_GAPI
option_1","shot_0
rank_size_50
prompt_10
gemini-2.0-pro-exp-02-05
inf_BTN
option_1","shot_1
rank_size_50
prompt_10
gemini-2.0-pro-exp-02-05
inf_BTN
option_1","shot_2
rank_size_50
prompt_10
gemini-2.0-pro-exp-02-05
inf_BTN
option_1","shot_3
rank_size_50
prompt_10
gemini-2.0-pro-exp-02-05
inf_BTN
option_1","shot_4
rank_size_50
prompt_10
gemini-2.0-pro-exp-02-05
inf_BTN
option_1","shot_0
rank_size_50
prompt_12
gemini-2.0-pro-exp-02-05
inf_BTN
option_1","shot_1
rank_size_50
prompt_12
gemini-2.0-pro-exp-02-05
inf_BTN
option_1","shot_2
rank_size_50
prompt_12
gemini-2.0-pro-exp-02-05
inf_BTN
option_1","shot_3
rank_size_50
prompt_12
gemini-2.0-pro-exp-02-05
inf_BTN
option_1","shot_4
rank_size_50
prompt_12
gemini-2.0-pro-exp-02-05
inf_BTN
option_1","shot_0
rank_size_50
prompt_14
gemini-2.0-pro-exp-02-05
inf_BTN
option_1","shot_1
rank_size_50
prompt_14
gemini-2.0-pro-exp-02-05
inf_BTN
option_1","shot_2
rank_size_50
prompt_14
gemini-2.0-pro-exp-02-05
inf_BTN
option_1","shot_3
rank_size_50
prompt_14
gemini-2.0-pro-exp-02-05
inf_BTN
option_1","shot_4
rank_size_50
prompt_14
gemini-2.0-pro-exp-02-05
inf_BTN
option_1","shot_0
rank_size_50
prompt_16
gemini-2.0-pro-exp-02-05
inf_BTN
option_1","shot_1
rank_size_50
prompt_16
gemini-2.0-pro-exp-02-05
inf_BTN
option_1","shot_2
rank_size_50
prompt_16
gemini-2.0-pro-exp-02-05
inf_BTN
option_1","shot_3
rank_size_50
prompt_16
gemini-2.0-pro-exp-02-05
inf_BTN
option_1","shot_4
rank_size_50
prompt_16
gemini-2.0-pro-exp-02-05
inf_BTN
option_1","shot_0
rank_size_50
prompt_18
gemini-2.0-pro-exp-02-05
inf_BTN
option_1","shot_1
rank_size_50
prompt_18
gemini-2.0-pro-exp-02-05
inf_BTN
option_1","shot_2
rank_size_50
prompt_18
gemini-2.0-pro-exp-02-05
inf_BTN
option_1","shot_3
rank_size_50
prompt_18
gemini-2.0-pro-exp-02-05
inf_BTN
option_1","shot_4
rank_size_50
prompt_18
gemini-2.0-pro-exp-02-05
inf_BTN
option_1","shot_0
rank_size_50
prompt_2
gemini-2.0-pro-exp-02-05
inf_BTN
option_1","shot_1
rank_size_50
prompt_2
gemini-2.0-pro-exp-02-05
inf_BTN
option_1","shot_2
rank_size_50
prompt_2
gemini-2.0-pro-exp-02-05
inf_BTN
option_1","shot_3
rank_size_50
prompt_2
gemini-2.0-pro-exp-02-05
inf_BTN
option_1","shot_4
rank_size_50
prompt_2
gemini-2.0-pro-exp-02-05
inf_BTN
option_1","shot_0
rank_size_50
prompt_4
gemini-2.0-pro-exp-02-05
inf_BTN
option_1","shot_1
rank_size_50
prompt_4
gemini-2.0-pro-exp-02-05
inf_BTN
option_1","shot_2
rank_size_50
prompt_4
gemini-2.0-pro-exp-02-05
inf_BTN
option_1","shot_3
rank_size_50
prompt_4
gemini-2.0-pro-exp-02-05
inf_BTN
option_1","shot_4
rank_size_50
prompt_4
gemini-2.0-pro-exp-02-05
inf_BTN
option_1","shot_0
rank_size_50
prompt_6
gemini-2.0-pro-exp-02-05
inf_BTN
option_1","shot_1
rank_size_50
prompt_6
gemini-2.0-pro-exp-02-05
inf_BTN
option_1","shot_2
rank_size_50
prompt_6
gemini-2.0-pro-exp-02-05
inf_BTN
option_1","shot_3
rank_size_50
prompt_6
gemini-2.0-pro-exp-02-05
inf_BTN
option_1","shot_4
rank_size_50
prompt_6
gemini-2.0-pro-exp-02-05
inf_BTN
option_1","shot_0
rank_size_50
prompt_8
gemini-2.0-pro-exp-02-05
inf_BTN
option_1","shot_1
rank_size_50
prompt_8
gemini-2.0-pro-exp-02-05
inf_BTN
option_1","shot_2
rank_size_50
prompt_8
gemini-2.0-pro-exp-02-05
inf_BTN
option_1","shot_3
rank_size_50
prompt_8
gemini-2.0-pro-exp-02-05
inf_BTN
option_1","shot_4
rank_size_50
prompt_8
gemini-2.0-pro-exp-02-05
inf_BTN
option_1","shot_0
rank_size_50
prompt_10
gemini-2.0-pro-exp-02-05
inf_NMSOR
option_1","shot_1
rank_size_50
prompt_10
gemini-2.0-pro-exp-02-05
inf_NMSOR
option_1","shot_2
rank_size_50
prompt_10
gemini-2.0-pro-exp-02-05
inf_NMSOR
option_1","shot_3
rank_size_50
prompt_10
gemini-2.0-pro-exp-02-05
inf_NMSOR
option_1","shot_4
rank_size_50
prompt_10
gemini-2.0-pro-exp-02-05
inf_NMSOR
option_1","shot_0
rank_size_50
prompt_12
gemini-2.0-pro-exp-02-05
inf_NMSOR
option_1","shot_1
rank_size_50
prompt_12
gemini-2.0-pro-exp-02-05
inf_NMSOR
option_1","shot_2
rank_size_50
prompt_12
gemini-2.0-pro-exp-02-05
inf_NMSOR
option_1","shot_3
rank_size_50
prompt_12
gemini-2.0-pro-exp-02-05
inf_NMSOR
option_1","shot_4
rank_size_50
prompt_12
gemini-2.0-pro-exp-02-05
inf_NMSOR
option_1","shot_0
rank_size_50
prompt_14
gemini-2.0-pro-exp-02-05
inf_NMSOR
option_1","shot_1
rank_size_50
prompt_14
gemini-2.0-pro-exp-02-05
inf_NMSOR
option_1","shot_2
rank_size_50
prompt_14
gemini-2.0-pro-exp-02-05
inf_NMSOR
option_1","shot_3
rank_size_50
prompt_14
gemini-2.0-pro-exp-02-05
inf_NMSOR
option_1","shot_4
rank_size_50
prompt_14
gemini-2.0-pro-exp-02-05
inf_NMSOR
option_1","shot_0
rank_size_50
prompt_16
gemini-2.0-pro-exp-02-05
inf_NMSOR
option_1","shot_1
rank_size_50
prompt_16
gemini-2.0-pro-exp-02-05
inf_NMSOR
option_1","shot_2
rank_size_50
prompt_16
gemini-2.0-pro-exp-02-05
inf_NMSOR
option_1","shot_3
rank_size_50
prompt_16
gemini-2.0-pro-exp-02-05
inf_NMSOR
option_1","shot_4
rank_size_50
prompt_16
gemini-2.0-pro-exp-02-05
inf_NMSOR
option_1","shot_0
rank_size_50
prompt_18
gemini-2.0-pro-exp-02-05
inf_NMSOR
option_1","shot_1
rank_size_50
prompt_18
gemini-2.0-pro-exp-02-05
inf_NMSOR
option_1","shot_2
rank_size_50
prompt_18
gemini-2.0-pro-exp-02-05
inf_NMSOR
option_1","shot_3
rank_size_50
prompt_18
gemini-2.0-pro-exp-02-05
inf_NMSOR
option_1","shot_4
rank_size_50
prompt_18
gemini-2.0-pro-exp-02-05
inf_NMSOR
option_1","shot_0
rank_size_50
prompt_2
gemini-2.0-pro-exp-02-05
inf_NMSOR
option_1","shot_1
rank_size_50
prompt_2
gemini-2.0-pro-exp-02-05
inf_NMSOR
option_1","shot_2
rank_size_50
prompt_2
gemini-2.0-pro-exp-02-05
inf_NMSOR
option_1","shot_3
rank_size_50
prompt_2
gemini-2.0-pro-exp-02-05
inf_NMSOR
option_1","shot_4
rank_size_50
prompt_2
gemini-2.0-pro-exp-02-05
inf_NMSOR
option_1","shot_0
rank_size_50
prompt_4
gemini-2.0-pro-exp-02-05
inf_NMSOR
option_1","shot_1
rank_size_50
prompt_4
gemini-2.0-pro-exp-02-05
inf_NMSOR
option_1","shot_2
rank_size_50
prompt_4
gemini-2.0-pro-exp-02-05
inf_NMSOR
option_1","shot_3
rank_size_50
prompt_4
gemini-2.0-pro-exp-02-05
inf_NMSOR
option_1","shot_4
rank_size_50
prompt_4
gemini-2.0-pro-exp-02-05
inf_NMSOR
option_1","shot_0
rank_size_50
prompt_6
gemini-2.0-pro-exp-02-05
inf_NMSOR
option_1","shot_1
rank_size_50
prompt_6
gemini-2.0-pro-exp-02-05
inf_NMSOR
option_1","shot_2
rank_size_50
prompt_6
gemini-2.0-pro-exp-02-05
inf_NMSOR
option_1","shot_3
rank_size_50
prompt_6
gemini-2.0-pro-exp-02-05
inf_NMSOR
option_1","shot_4
rank_size_50
prompt_6
gemini-2.0-pro-exp-02-05
inf_NMSOR
option_1","shot_0
rank_size_50
prompt_8
gemini-2.0-pro-exp-02-05
inf_NMSOR
option_1","shot_1
rank_size_50
prompt_8
gemini-2.0-pro-exp-02-05
inf_NMSOR
option_1","shot_2
rank_size_50
prompt_8
gemini-2.0-pro-exp-02-05
inf_NMSOR
option_1","shot_3
rank_size_50
prompt_8
gemini-2.0-pro-exp-02-05
inf_NMSOR
option_1","shot_4
rank_size_50
prompt_8
gemini-2.0-pro-exp-02-05
inf_NMSOR
option_1","shot_0
rank_size_50
prompt_10
gemini-2.0-pro-exp-02-05
inf_NA
option_2a","shot_1
rank_size_50
prompt_10
gemini-2.0-pro-exp-02-05
inf_NA
option_2a","shot_2
rank_size_50
prompt_10
gemini-2.0-pro-exp-02-05
inf_NA
option_2a","shot_3
rank_size_50
prompt_10
gemini-2.0-pro-exp-02-05
inf_NA
option_2a","shot_4
rank_size_50
prompt_10
gemini-2.0-pro-exp-02-05
inf_NA
option_2a","shot_0
rank_size_50
prompt_12
gemini-2.0-pro-exp-02-05
inf_NA
option_2a","shot_1
rank_size_50
prompt_12
gemini-2.0-pro-exp-02-05
inf_NA
option_2a","shot_2
rank_size_50
prompt_12
gemini-2.0-pro-exp-02-05
inf_NA
option_2a","shot_3
rank_size_50
prompt_12
gemini-2.0-pro-exp-02-05
inf_NA
option_2a","shot_4
rank_size_50
prompt_12
gemini-2.0-pro-exp-02-05
inf_NA
option_2a","shot_0
rank_size_50
prompt_14
gemini-2.0-pro-exp-02-05
inf_NA
option_2a","shot_1
rank_size_50
prompt_14
gemini-2.0-pro-exp-02-05
inf_NA
option_2a","shot_2
rank_size_50
prompt_14
gemini-2.0-pro-exp-02-05
inf_NA
option_2a","shot_3
rank_size_50
prompt_14
gemini-2.0-pro-exp-02-05
inf_NA
option_2a","shot_4
rank_size_50
prompt_14
gemini-2.0-pro-exp-02-05
inf_NA
option_2a","shot_0
rank_size_50
prompt_16
gemini-2.0-pro-exp-02-05
inf_NA
option_2a","shot_1
rank_size_50
prompt_16
gemini-2.0-pro-exp-02-05
inf_NA
option_2a","shot_2
rank_size_50
prompt_16
gemini-2.0-pro-exp-02-05
inf_NA
option_2a","shot_3
rank_size_50
prompt_16
gemini-2.0-pro-exp-02-05
inf_NA
option_2a","shot_4
rank_size_50
prompt_16
gemini-2.0-pro-exp-02-05
inf_NA
option_2a","shot_0
rank_size_50
prompt_18
gemini-2.0-pro-exp-02-05
inf_NA
option_2a","shot_1
rank_size_50
prompt_18
gemini-2.0-pro-exp-02-05
inf_NA
option_2a","shot_2
rank_size_50
prompt_18
gemini-2.0-pro-exp-02-05
inf_NA
option_2a","shot_3
rank_size_50
prompt_18
gemini-2.0-pro-exp-02-05
inf_NA
option_2a","shot_4
rank_size_50
prompt_18
gemini-2.0-pro-exp-02-05
inf_NA
option_2a","shot_0
rank_size_50
prompt_10
gemini-2.0-pro-exp-02-05
inf_NA
option_2b","shot_1
rank_size_50
prompt_10
gemini-2.0-pro-exp-02-05
inf_NA
option_2b","shot_2
rank_size_50
prompt_10
gemini-2.0-pro-exp-02-05
inf_NA
option_2b","shot_3
rank_size_50
prompt_10
gemini-2.0-pro-exp-02-05
inf_NA
option_2b","shot_4
rank_size_50
prompt_10
gemini-2.0-pro-exp-02-05
inf_NA
option_2b","shot_0
rank_size_50
prompt_12
gemini-2.0-pro-exp-02-05
inf_NA
option_2b","shot_1
rank_size_50
prompt_12
gemini-2.0-pro-exp-02-05
inf_NA
option_2b","shot_2
rank_size_50
prompt_12
gemini-2.0-pro-exp-02-05
inf_NA
option_2b","shot_3
rank_size_50
prompt_12
gemini-2.0-pro-exp-02-05
inf_NA
option_2b","shot_4
rank_size_50
prompt_12
gemini-2.0-pro-exp-02-05
inf_NA
option_2b","shot_0
rank_size_50
prompt_14
gemini-2.0-pro-exp-02-05
inf_NA
option_2b","shot_1
rank_size_50
prompt_14
gemini-2.0-pro-exp-02-05
inf_NA
option_2b","shot_2
rank_size_50
prompt_14
gemini-2.0-pro-exp-02-05
inf_NA
option_2b","shot_3
rank_size_50
prompt_14
gemini-2.0-pro-exp-02-05
inf_NA
option_2b","shot_4
rank_size_50
prompt_14
gemini-2.0-pro-exp-02-05
inf_NA
option_2b","shot_0
rank_size_50
prompt_16
gemini-2.0-pro-exp-02-05
inf_NA
option_2b","shot_1
rank_size_50
prompt_16
gemini-2.0-pro-exp-02-05
inf_NA
option_2b","shot_2
rank_size_50
prompt_16
gemini-2.0-pro-exp-02-05
inf_NA
option_2b","shot_3
rank_size_50
prompt_16
gemini-2.0-pro-exp-02-05
inf_NA
option_2b","shot_4
rank_size_50
prompt_16
gemini-2.0-pro-exp-02-05
inf_NA
option_2b","shot_0
rank_size_50
prompt_18
gemini-2.0-pro-exp-02-05
inf_NA
option_2b","shot_1
rank_size_50
prompt_18
gemini-2.0-pro-exp-02-05
inf_NA
option_2b","shot_2
rank_size_50
prompt_18
gemini-2.0-pro-exp-02-05
inf_NA
option_2b","shot_3
rank_size_50
prompt_18
gemini-2.0-pro-exp-02-05
inf_NA
option_2b","shot_4
rank_size_50
prompt_18
gemini-2.0-pro-exp-02-05
inf_NA
option_2b","shot_0
rank_size_50
prompt_14
gemini-2.0-pro-exp-02-05
inf_NA
option_3","shot_NA
rank_size_50
prompt_NA
Initial
inf_NA
option_NA","shot_0
rank_size_50
prompt_10
meta-llama/Meta-Llama-3-8B-Instruct
inf_Gender
option_1","shot_1
rank_size_50
prompt_10
meta-llama/Meta-Llama-3-8B-Instruct
inf_Gender
option_1","shot_2
rank_size_50
prompt_10
meta-llama/Meta-Llama-3-8B-Instruct
inf_Gender
option_1","shot_3
rank_size_50
prompt_10
meta-llama/Meta-Llama-3-8B-Instruct
inf_Gender
option_1","shot_4
rank_size_50
prompt_10
meta-llama/Meta-Llama-3-8B-Instruct
inf_Gender
option_1","shot_0
rank_size_50
prompt_12
meta-llama/Meta-Llama-3-8B-Instruct
inf_Gender
option_1","shot_1
rank_size_50
prompt_12
meta-llama/Meta-Llama-3-8B-Instruct
inf_Gender
option_1","shot_2
rank_size_50
prompt_12
meta-llama/Meta-Llama-3-8B-Instruct
inf_Gender
option_1","shot_3
rank_size_50
prompt_12
meta-llama/Meta-Llama-3-8B-Instruct
inf_Gender
option_1","shot_4
rank_size_50
prompt_12
meta-llama/Meta-Llama-3-8B-Instruct
inf_Gender
option_1","shot_0
rank_size_50
prompt_14
meta-llama/Meta-Llama-3-8B-Instruct
inf_Gender
option_1","shot_1
rank_size_50
prompt_14
meta-llama/Meta-Llama-3-8B-Instruct
inf_Gender
option_1","shot_2
rank_size_50
prompt_14
meta-llama/Meta-Llama-3-8B-Instruct
inf_Gender
option_1","shot_3
rank_size_50
prompt_14
meta-llama/Meta-Llama-3-8B-Instruct
inf_Gender
option_1","shot_4
rank_size_50
prompt_14
meta-llama/Meta-Llama-3-8B-Instruct
inf_Gender
option_1","shot_0
rank_size_50
prompt_16
meta-llama/Meta-Llama-3-8B-Instruct
inf_Gender
option_1","shot_1
rank_size_50
prompt_16
meta-llama/Meta-Llama-3-8B-Instruct
inf_Gender
option_1","shot_2
rank_size_50
prompt_16
meta-llama/Meta-Llama-3-8B-Instruct
inf_Gender
option_1","shot_3
rank_size_50
prompt_16
meta-llama/Meta-Llama-3-8B-Instruct
inf_Gender
option_1","shot_4
rank_size_50
prompt_16
meta-llama/Meta-Llama-3-8B-Instruct
inf_Gender
option_1","shot_0
rank_size_50
prompt_18
meta-llama/Meta-Llama-3-8B-Instruct
inf_Gender
option_1","shot_1
rank_size_50
prompt_18
meta-llama/Meta-Llama-3-8B-Instruct
inf_Gender
option_1","shot_2
rank_size_50
prompt_18
meta-llama/Meta-Llama-3-8B-Instruct
inf_Gender
option_1","shot_3
rank_size_50
prompt_18
meta-llama/Meta-Llama-3-8B-Instruct
inf_Gender
option_1","shot_4
rank_size_50
prompt_18
meta-llama/Meta-Llama-3-8B-Instruct
inf_Gender
option_1","shot_0
rank_size_50
prompt_2
meta-llama/Meta-Llama-3-8B-Instruct
inf_Gender
option_1","shot_1
rank_size_50
prompt_2
meta-llama/Meta-Llama-3-8B-Instruct
inf_Gender
option_1","shot_2
rank_size_50
prompt_2
meta-llama/Meta-Llama-3-8B-Instruct
inf_Gender
option_1","shot_3
rank_size_50
prompt_2
meta-llama/Meta-Llama-3-8B-Instruct
inf_Gender
option_1","shot_4
rank_size_50
prompt_2
meta-llama/Meta-Llama-3-8B-Instruct
inf_Gender
option_1","shot_0
rank_size_50
prompt_4
meta-llama/Meta-Llama-3-8B-Instruct
inf_Gender
option_1","shot_1
rank_size_50
prompt_4
meta-llama/Meta-Llama-3-8B-Instruct
inf_Gender
option_1","shot_2
rank_size_50
prompt_4
meta-llama/Meta-Llama-3-8B-Instruct
inf_Gender
option_1","shot_3
rank_size_50
prompt_4
meta-llama/Meta-Llama-3-8B-Instruct
inf_Gender
option_1","shot_4
rank_size_50
prompt_4
meta-llama/Meta-Llama-3-8B-Instruct
inf_Gender
option_1","shot_0
rank_size_50
prompt_6
meta-llama/Meta-Llama-3-8B-Instruct
inf_Gender
option_1","shot_1
rank_size_50
prompt_6
meta-llama/Meta-Llama-3-8B-Instruct
inf_Gender
option_1","shot_2
rank_size_50
prompt_6
meta-llama/Meta-Llama-3-8B-Instruct
inf_Gender
option_1","shot_3
rank_size_50
prompt_6
meta-llama/Meta-Llama-3-8B-Instruct
inf_Gender
option_1","shot_4
rank_size_50
prompt_6
meta-llama/Meta-Llama-3-8B-Instruct
inf_Gender
option_1","shot_0
rank_size_50
prompt_8
meta-llama/Meta-Llama-3-8B-Instruct
inf_Gender
option_1","shot_1
rank_size_50
prompt_8
meta-llama/Meta-Llama-3-8B-Instruct
inf_Gender
option_1","shot_2
rank_size_50
prompt_8
meta-llama/Meta-Llama-3-8B-Instruct
inf_Gender
option_1","shot_3
rank_size_50
prompt_8
meta-llama/Meta-Llama-3-8B-Instruct
inf_Gender
option_1","shot_4
rank_size_50
prompt_8
meta-llama/Meta-Llama-3-8B-Instruct
inf_Gender
option_1","shot_0
rank_size_50
prompt_10
meta-llama/Meta-Llama-3-8B-Instruct
inf_GAPI
option_1","shot_1
rank_size_50
prompt_10
meta-llama/Meta-Llama-3-8B-Instruct
inf_GAPI
option_1","shot_2
rank_size_50
prompt_10
meta-llama/Meta-Llama-3-8B-Instruct
inf_GAPI
option_1","shot_3
rank_size_50
prompt_10
meta-llama/Meta-Llama-3-8B-Instruct
inf_GAPI
option_1","shot_4
rank_size_50
prompt_10
meta-llama/Meta-Llama-3-8B-Instruct
inf_GAPI
option_1","shot_0
rank_size_50
prompt_12
meta-llama/Meta-Llama-3-8B-Instruct
inf_GAPI
option_1","shot_1
rank_size_50
prompt_12
meta-llama/Meta-Llama-3-8B-Instruct
inf_GAPI
option_1","shot_2
rank_size_50
prompt_12
meta-llama/Meta-Llama-3-8B-Instruct
inf_GAPI
option_1","shot_3
rank_size_50
prompt_12
meta-llama/Meta-Llama-3-8B-Instruct
inf_GAPI
option_1","shot_4
rank_size_50
prompt_12
meta-llama/Meta-Llama-3-8B-Instruct
inf_GAPI
option_1","shot_0
rank_size_50
prompt_14
meta-llama/Meta-Llama-3-8B-Instruct
inf_GAPI
option_1","shot_1
rank_size_50
prompt_14
meta-llama/Meta-Llama-3-8B-Instruct
inf_GAPI
option_1","shot_2
rank_size_50
prompt_14
meta-llama/Meta-Llama-3-8B-Instruct
inf_GAPI
option_1","shot_3
rank_size_50
prompt_14
meta-llama/Meta-Llama-3-8B-Instruct
inf_GAPI
option_1","shot_4
rank_size_50
prompt_14
meta-llama/Meta-Llama-3-8B-Instruct
inf_GAPI
option_1","shot_0
rank_size_50
prompt_16
meta-llama/Meta-Llama-3-8B-Instruct
inf_GAPI
option_1","shot_1
rank_size_50
prompt_16
meta-llama/Meta-Llama-3-8B-Instruct
inf_GAPI
option_1","shot_2
rank_size_50
prompt_16
meta-llama/Meta-Llama-3-8B-Instruct
inf_GAPI
option_1","shot_3
rank_size_50
prompt_16
meta-llama/Meta-Llama-3-8B-Instruct
inf_GAPI
option_1","shot_4
rank_size_50
prompt_16
meta-llama/Meta-Llama-3-8B-Instruct
inf_GAPI
option_1","shot_0
rank_size_50
prompt_18
meta-llama/Meta-Llama-3-8B-Instruct
inf_GAPI
option_1","shot_1
rank_size_50
prompt_18
meta-llama/Meta-Llama-3-8B-Instruct
inf_GAPI
option_1","shot_2
rank_size_50
prompt_18
meta-llama/Meta-Llama-3-8B-Instruct
inf_GAPI
option_1","shot_3
rank_size_50
prompt_18
meta-llama/Meta-Llama-3-8B-Instruct
inf_GAPI
option_1","shot_4
rank_size_50
prompt_18
meta-llama/Meta-Llama-3-8B-Instruct
inf_GAPI
option_1","shot_0
rank_size_50
prompt_2
meta-llama/Meta-Llama-3-8B-Instruct
inf_GAPI
option_1","shot_1
rank_size_50
prompt_2
meta-llama/Meta-Llama-3-8B-Instruct
inf_GAPI
option_1","shot_2
rank_size_50
prompt_2
meta-llama/Meta-Llama-3-8B-Instruct
inf_GAPI
option_1","shot_3
rank_size_50
prompt_2
meta-llama/Meta-Llama-3-8B-Instruct
inf_GAPI
option_1","shot_4
rank_size_50
prompt_2
meta-llama/Meta-Llama-3-8B-Instruct
inf_GAPI
option_1","shot_0
rank_size_50
prompt_4
meta-llama/Meta-Llama-3-8B-Instruct
inf_GAPI
option_1","shot_1
rank_size_50
prompt_4
meta-llama/Meta-Llama-3-8B-Instruct
inf_GAPI
option_1","shot_2
rank_size_50
prompt_4
meta-llama/Meta-Llama-3-8B-Instruct
inf_GAPI
option_1","shot_3
rank_size_50
prompt_4
meta-llama/Meta-Llama-3-8B-Instruct
inf_GAPI
option_1","shot_4
rank_size_50
prompt_4
meta-llama/Meta-Llama-3-8B-Instruct
inf_GAPI
option_1","shot_0
rank_size_50
prompt_6
meta-llama/Meta-Llama-3-8B-Instruct
inf_GAPI
option_1","shot_1
rank_size_50
prompt_6
meta-llama/Meta-Llama-3-8B-Instruct
inf_GAPI
option_1","shot_2
rank_size_50
prompt_6
meta-llama/Meta-Llama-3-8B-Instruct
inf_GAPI
option_1","shot_3
rank_size_50
prompt_6
meta-llama/Meta-Llama-3-8B-Instruct
inf_GAPI
option_1","shot_4
rank_size_50
prompt_6
meta-llama/Meta-Llama-3-8B-Instruct
inf_GAPI
option_1","shot_0
rank_size_50
prompt_8
meta-llama/Meta-Llama-3-8B-Instruct
inf_GAPI
option_1","shot_1
rank_size_50
prompt_8
meta-llama/Meta-Llama-3-8B-Instruct
inf_GAPI
option_1","shot_2
rank_size_50
prompt_8
meta-llama/Meta-Llama-3-8B-Instruct
inf_GAPI
option_1","shot_3
rank_size_50
prompt_8
meta-llama/Meta-Llama-3-8B-Instruct
inf_GAPI
option_1","shot_4
rank_size_50
prompt_8
meta-llama/Meta-Llama-3-8B-Instruct
inf_GAPI
option_1","shot_0
rank_size_50
prompt_10
meta-llama/Meta-Llama-3-8B-Instruct
inf_BTN
option_1","shot_1
rank_size_50
prompt_10
meta-llama/Meta-Llama-3-8B-Instruct
inf_BTN
option_1","shot_2
rank_size_50
prompt_10
meta-llama/Meta-Llama-3-8B-Instruct
inf_BTN
option_1","shot_3
rank_size_50
prompt_10
meta-llama/Meta-Llama-3-8B-Instruct
inf_BTN
option_1","shot_4
rank_size_50
prompt_10
meta-llama/Meta-Llama-3-8B-Instruct
inf_BTN
option_1","shot_0
rank_size_50
prompt_12
meta-llama/Meta-Llama-3-8B-Instruct
inf_BTN
option_1","shot_1
rank_size_50
prompt_12
meta-llama/Meta-Llama-3-8B-Instruct
inf_BTN
option_1","shot_2
rank_size_50
prompt_12
meta-llama/Meta-Llama-3-8B-Instruct
inf_BTN
option_1","shot_3
rank_size_50
prompt_12
meta-llama/Meta-Llama-3-8B-Instruct
inf_BTN
option_1","shot_4
rank_size_50
prompt_12
meta-llama/Meta-Llama-3-8B-Instruct
inf_BTN
option_1","shot_0
rank_size_50
prompt_14
meta-llama/Meta-Llama-3-8B-Instruct
inf_BTN
option_1","shot_1
rank_size_50
prompt_14
meta-llama/Meta-Llama-3-8B-Instruct
inf_BTN
option_1","shot_2
rank_size_50
prompt_14
meta-llama/Meta-Llama-3-8B-Instruct
inf_BTN
option_1","shot_3
rank_size_50
prompt_14
meta-llama/Meta-Llama-3-8B-Instruct
inf_BTN
option_1","shot_4
rank_size_50
prompt_14
meta-llama/Meta-Llama-3-8B-Instruct
inf_BTN
option_1","shot_0
rank_size_50
prompt_16
meta-llama/Meta-Llama-3-8B-Instruct
inf_BTN
option_1","shot_1
rank_size_50
prompt_16
meta-llama/Meta-Llama-3-8B-Instruct
inf_BTN
option_1","shot_2
rank_size_50
prompt_16
meta-llama/Meta-Llama-3-8B-Instruct
inf_BTN
option_1","shot_3
rank_size_50
prompt_16
meta-llama/Meta-Llama-3-8B-Instruct
inf_BTN
option_1","shot_4
rank_size_50
prompt_16
meta-llama/Meta-Llama-3-8B-Instruct
inf_BTN
option_1","shot_0
rank_size_50
prompt_18
meta-llama/Meta-Llama-3-8B-Instruct
inf_BTN
option_1","shot_1
rank_size_50
prompt_18
meta-llama/Meta-Llama-3-8B-Instruct
inf_BTN
option_1","shot_2
rank_size_50
prompt_18
meta-llama/Meta-Llama-3-8B-Instruct
inf_BTN
option_1","shot_3
rank_size_50
prompt_18
meta-llama/Meta-Llama-3-8B-Instruct
inf_BTN
option_1","shot_4
rank_size_50
prompt_18
meta-llama/Meta-Llama-3-8B-Instruct
inf_BTN
option_1","shot_0
rank_size_50
prompt_2
meta-llama/Meta-Llama-3-8B-Instruct
inf_BTN
option_1","shot_1
rank_size_50
prompt_2
meta-llama/Meta-Llama-3-8B-Instruct
inf_BTN
option_1","shot_2
rank_size_50
prompt_2
meta-llama/Meta-Llama-3-8B-Instruct
inf_BTN
option_1","shot_3
rank_size_50
prompt_2
meta-llama/Meta-Llama-3-8B-Instruct
inf_BTN
option_1","shot_4
rank_size_50
prompt_2
meta-llama/Meta-Llama-3-8B-Instruct
inf_BTN
option_1","shot_0
rank_size_50
prompt_4
meta-llama/Meta-Llama-3-8B-Instruct
inf_BTN
option_1","shot_1
rank_size_50
prompt_4
meta-llama/Meta-Llama-3-8B-Instruct
inf_BTN
option_1","shot_2
rank_size_50
prompt_4
meta-llama/Meta-Llama-3-8B-Instruct
inf_BTN
option_1","shot_3
rank_size_50
prompt_4
meta-llama/Meta-Llama-3-8B-Instruct
inf_BTN
option_1","shot_4
rank_size_50
prompt_4
meta-llama/Meta-Llama-3-8B-Instruct
inf_BTN
option_1","shot_0
rank_size_50
prompt_6
meta-llama/Meta-Llama-3-8B-Instruct
inf_BTN
option_1","shot_1
rank_size_50
prompt_6
meta-llama/Meta-Llama-3-8B-Instruct
inf_BTN
option_1","shot_2
rank_size_50
prompt_6
meta-llama/Meta-Llama-3-8B-Instruct
inf_BTN
option_1","shot_3
rank_size_50
prompt_6
meta-llama/Meta-Llama-3-8B-Instruct
inf_BTN
option_1","shot_4
rank_size_50
prompt_6
meta-llama/Meta-Llama-3-8B-Instruct
inf_BTN
option_1","shot_0
rank_size_50
prompt_8
meta-llama/Meta-Llama-3-8B-Instruct
inf_BTN
option_1","shot_1
rank_size_50
prompt_8
meta-llama/Meta-Llama-3-8B-Instruct
inf_BTN
option_1","shot_2
rank_size_50
prompt_8
meta-llama/Meta-Llama-3-8B-Instruct
inf_BTN
option_1","shot_3
rank_size_50
prompt_8
meta-llama/Meta-Llama-3-8B-Instruct
inf_BTN
option_1","shot_4
rank_size_50
prompt_8
meta-llama/Meta-Llama-3-8B-Instruct
inf_BTN
option_1","shot_0
rank_size_50
prompt_10
meta-llama/Meta-Llama-3-8B-Instruct
inf_NMSOR
option_1","shot_1
rank_size_50
prompt_10
meta-llama/Meta-Llama-3-8B-Instruct
inf_NMSOR
option_1","shot_2
rank_size_50
prompt_10
meta-llama/Meta-Llama-3-8B-Instruct
inf_NMSOR
option_1","shot_3
rank_size_50
prompt_10
meta-llama/Meta-Llama-3-8B-Instruct
inf_NMSOR
option_1","shot_4
rank_size_50
prompt_10
meta-llama/Meta-Llama-3-8B-Instruct
inf_NMSOR
option_1","shot_0
rank_size_50
prompt_12
meta-llama/Meta-Llama-3-8B-Instruct
inf_NMSOR
option_1","shot_1
rank_size_50
prompt_12
meta-llama/Meta-Llama-3-8B-Instruct
inf_NMSOR
option_1","shot_2
rank_size_50
prompt_12
meta-llama/Meta-Llama-3-8B-Instruct
inf_NMSOR
option_1","shot_3
rank_size_50
prompt_12
meta-llama/Meta-Llama-3-8B-Instruct
inf_NMSOR
option_1","shot_4
rank_size_50
prompt_12
meta-llama/Meta-Llama-3-8B-Instruct
inf_NMSOR
option_1","shot_0
rank_size_50
prompt_14
meta-llama/Meta-Llama-3-8B-Instruct
inf_NMSOR
option_1","shot_1
rank_size_50
prompt_14
meta-llama/Meta-Llama-3-8B-Instruct
inf_NMSOR
option_1","shot_2
rank_size_50
prompt_14
meta-llama/Meta-Llama-3-8B-Instruct
inf_NMSOR
option_1","shot_3
rank_size_50
prompt_14
meta-llama/Meta-Llama-3-8B-Instruct
inf_NMSOR
option_1","shot_4
rank_size_50
prompt_14
meta-llama/Meta-Llama-3-8B-Instruct
inf_NMSOR
option_1","shot_0
rank_size_50
prompt_16
meta-llama/Meta-Llama-3-8B-Instruct
inf_NMSOR
option_1","shot_1
rank_size_50
prompt_16
meta-llama/Meta-Llama-3-8B-Instruct
inf_NMSOR
option_1","shot_2
rank_size_50
prompt_16
meta-llama/Meta-Llama-3-8B-Instruct
inf_NMSOR
option_1","shot_3
rank_size_50
prompt_16
meta-llama/Meta-Llama-3-8B-Instruct
inf_NMSOR
option_1","shot_4
rank_size_50
prompt_16
meta-llama/Meta-Llama-3-8B-Instruct
inf_NMSOR
option_1","shot_0
rank_size_50
prompt_18
meta-llama/Meta-Llama-3-8B-Instruct
inf_NMSOR
option_1","shot_1
rank_size_50
prompt_18
meta-llama/Meta-Llama-3-8B-Instruct
inf_NMSOR
option_1","shot_2
rank_size_50
prompt_18
meta-llama/Meta-Llama-3-8B-Instruct
inf_NMSOR
option_1","shot_3
rank_size_50
prompt_18
meta-llama/Meta-Llama-3-8B-Instruct
inf_NMSOR
option_1","shot_4
rank_size_50
prompt_18
meta-llama/Meta-Llama-3-8B-Instruct
inf_NMSOR
option_1","shot_0
rank_size_50
prompt_2
meta-llama/Meta-Llama-3-8B-Instruct
inf_NMSOR
option_1","shot_1
rank_size_50
prompt_2
meta-llama/Meta-Llama-3-8B-Instruct
inf_NMSOR
option_1","shot_2
rank_size_50
prompt_2
meta-llama/Meta-Llama-3-8B-Instruct
inf_NMSOR
option_1","shot_3
rank_size_50
prompt_2
meta-llama/Meta-Llama-3-8B-Instruct
inf_NMSOR
option_1","shot_4
rank_size_50
prompt_2
meta-llama/Meta-Llama-3-8B-Instruct
inf_NMSOR
option_1","shot_0
rank_size_50
prompt_4
meta-llama/Meta-Llama-3-8B-Instruct
inf_NMSOR
option_1","shot_1
rank_size_50
prompt_4
meta-llama/Meta-Llama-3-8B-Instruct
inf_NMSOR
option_1","shot_2
rank_size_50
prompt_4
meta-llama/Meta-Llama-3-8B-Instruct
inf_NMSOR
option_1","shot_3
rank_size_50
prompt_4
meta-llama/Meta-Llama-3-8B-Instruct
inf_NMSOR
option_1","shot_4
rank_size_50
prompt_4
meta-llama/Meta-Llama-3-8B-Instruct
inf_NMSOR
option_1","shot_0
rank_size_50
prompt_6
meta-llama/Meta-Llama-3-8B-Instruct
inf_NMSOR
option_1","shot_1
rank_size_50
prompt_6
meta-llama/Meta-Llama-3-8B-Instruct
inf_NMSOR
option_1","shot_2
rank_size_50
prompt_6
meta-llama/Meta-Llama-3-8B-Instruct
inf_NMSOR
option_1","shot_3
rank_size_50
prompt_6
meta-llama/Meta-Llama-3-8B-Instruct
inf_NMSOR
option_1","shot_4
rank_size_50
prompt_6
meta-llama/Meta-Llama-3-8B-Instruct
inf_NMSOR
option_1","shot_0
rank_size_50
prompt_8
meta-llama/Meta-Llama-3-8B-Instruct
inf_NMSOR
option_1","shot_1
rank_size_50
prompt_8
meta-llama/Meta-Llama-3-8B-Instruct
inf_NMSOR
option_1","shot_2
rank_size_50
prompt_8
meta-llama/Meta-Llama-3-8B-Instruct
inf_NMSOR
option_1","shot_3
rank_size_50
prompt_8
meta-llama/Meta-Llama-3-8B-Instruct
inf_NMSOR
option_1","shot_4
rank_size_50
prompt_8
meta-llama/Meta-Llama-3-8B-Instruct
inf_NMSOR
option_1"
Kendall Tau,0.59 ± 0.09,0.80 ± 0.30,0.71 ± 0.15,0.68 ± 0.15,0.65 ± 0.09,0.66 ± 0.12,0.73 ± 0.35,0.70 ± 0.17,0.67 ± 0.13,0.67 ± 0.09,0.70 ± 0.08,0.74 ± 0.32,0.64 ± 0.23,0.72 ± 0.12,0.67 ± 0.15,0.71 ± 0.14,0.68 ± 0.33,0.66 ± 0.23,0.68 ± 0.16,0.64 ± 0.17,0.62 ± 0.14,0.67 ± 0.32,0.67 ± 0.21,0.70 ± 0.14,0.64 ± 0.14,0.64 ± 0.14,0.85 ± 0.27,0.59 ± 0.18,0.60 ± 0.14,0.59 ± 0.10,0.58 ± 0.10,0.74 ± 0.35,0.62 ± 0.15,0.55 ± 0.15,0.57 ± 0.07,0.61 ± 0.10,0.66 ± 0.36,0.58 ± 0.14,0.54 ± 0.11,0.58 ± 0.07,0.60 ± 0.12,0.77 ± 0.29,0.70 ± 0.19,0.71 ± 0.15,0.66 ± 0.11,0.64 ± 0.14,0.78 ± 0.30,0.74 ± 0.16,0.67 ± 0.11,0.64 ± 0.08,0.69 ± 0.06,0.81 ± 0.25,0.71 ± 0.15,0.68 ± 0.13,0.68 ± 0.06,0.68 ± 0.08,0.75 ± 0.31,0.70 ± 0.18,0.69 ± 0.12,0.65 ± 0.12,0.67 ± 0.10,0.69 ± 0.31,0.66 ± 0.22,0.66 ± 0.11,0.64 ± 0.13,0.65 ± 0.11,0.73 ± 0.30,0.63 ± 0.23,0.67 ± 0.12,0.67 ± 0.09,0.64 ± 0.13,0.95 ± 0.15,0.65 ± 0.15,0.63 ± 0.13,0.62 ± 0.11,0.61 ± 0.12,0.69 ± 0.33,0.68 ± 0.13,0.60 ± 0.15,0.59 ± 0.11,0.61 ± 0.10,0.72 ± 0.36,0.55 ± 0.17,0.56 ± 0.10,0.58 ± 0.09,0.59 ± 0.08,0.83 ± 0.29,0.71 ± 0.16,0.70 ± 0.11,0.68 ± 0.08,0.69 ± 0.10,0.59 ± 0.34,0.73 ± 0.22,0.67 ± 0.16,0.65 ± 0.13,0.67 ± 0.11,0.79 ± 0.30,0.64 ± 0.26,0.64 ± 0.21,0.66 ± 0.11,0.67 ± 0.13,0.47 ± 0.29,0.56 ± 0.30,0.62 ± 0.19,0.66 ± 0.15,0.73 ± 0.10,0.63 ± 0.32,0.58 ± 0.26,0.56 ± 0.23,0.62 ± 0.16,0.66 ± 0.17,0.63 ± 0.33,0.60 ± 0.27,0.61 ± 0.23,0.66 ± 0.16,0.64 ± 0.16,0.88 ± 0.19,0.50 ± 0.18,0.49 ± 0.17,0.60 ± 0.16,0.59 ± 0.14,0.71 ± 0.34,0.56 ± 0.19,0.53 ± 0.16,0.57 ± 0.16,0.58 ± 0.16,0.57 ± 0.32,0.49 ± 0.16,0.51 ± 0.18,0.57 ± 0.11,0.62 ± 0.10,0.85 ± 0.29,0.73 ± 0.23,0.63 ± 0.22,0.72 ± 0.10,0.75 ± 0.08,0.71 ± 0.20,0.84 ± 0.22,0.83 ± 0.18,0.75 ± 0.18,0.78 ± 0.16,0.80 ± 0.12,0.89 ± 0.16,0.84 ± 0.15,0.74 ± 0.17,0.81 ± 0.17,0.47 ± 0.21,0.60 ± 0.19,0.62 ± 0.24,0.57 ± 0.24,0.63 ± 0.21,0.40 ± 0.26,0.67 ± 0.25,0.53 ± 0.23,0.64 ± 0.23,0.66 ± 0.24,0.43 ± 0.22,0.63 ± 0.22,0.60 ± 0.25,0.66 ± 0.20,0.61 ± 0.19,0.74 ± 0.23,0.79 ± 0.20,0.67 ± 0.17,0.70 ± 0.16,0.74 ± 0.18,0.61 ± 0.21,0.88 ± 0.18,0.74 ± 0.26,0.75 ± 0.18,0.82 ± 0.15,0.67 ± 0.23,0.79 ± 0.19,0.80 ± 0.17,0.69 ± 0.21,0.78 ± 0.15,0.67 ± 0.24,0.83 ± 0.22,0.70 ± 0.22,0.69 ± 0.16,0.73 ± 0.17,0.71 ± 0.31,0.66 ± 0.13,0.66 ± 0.10,0.65 ± 0.03,0.63 ± 0.09,0.76 ± 0.29,0.71 ± 0.06,0.67 ± 0.10,0.71 ± 0.10,0.61 ± 0.07,0.69 ± 0.31,0.58 ± 0.17,0.71 ± 0.08,0.67 ± 0.10,0.65 ± 0.10,0.61 ± 0.34,0.53 ± 0.20,0.63 ± 0.16,0.71 ± 0.08,0.67 ± 0.10,0.60 ± 0.30,0.65 ± 0.14,0.70 ± 0.08,0.68 ± 0.10,0.68 ± 0.09,0.67 ± 0.32,0.54 ± 0.12,0.61 ± 0.11,0.55 ± 0.17,0.58 ± 0.09,0.74 ± 0.27,0.60 ± 0.10,0.62 ± 0.09,0.57 ± 0.10,0.53 ± 0.06,0.74 ± 0.32,0.53 ± 0.17,0.61 ± 0.15,0.64 ± 0.13,0.65 ± 0.12,0.65 ± 0.32,0.54 ± 0.20,0.60 ± 0.15,0.59 ± 0.10,0.60 ± 0.09,0.58 ± 0.25,0.55 ± 0.17,0.59 ± 0.12,0.61 ± 0.11,0.60 ± 0.12,0.58 ± 0.36,1.00 ± 0.00,0.45 ± 0.30,0.85 ± 0.19,0.72 ± 0.25,0.53 ± 0.19,0.86 ± 0.15,0.65 ± 0.25,0.84 ± 0.17,0.76 ± 0.22,0.60 ± 0.22,0.83 ± 0.19,0.63 ± 0.31,0.78 ± 0.22,0.68 ± 0.22,0.62 ± 0.21,0.81 ± 0.14,0.67 ± 0.32,0.72 ± 0.25,0.67 ± 0.22,0.56 ± 0.19,0.70 ± 0.25,0.81 ± 0.25,0.71 ± 0.20,0.62 ± 0.22,0.60 ± 0.20,0.69 ± 0.23,0.90 ± 0.18,0.87 ± 0.17,0.92 ± 0.08,0.67 ± 0.20,0.88 ± 0.16,0.56 ± 0.33,0.90 ± 0.14,0.76 ± 0.25,0.72 ± 0.17,0.81 ± 0.13,0.78 ± 0.29,0.82 ± 0.23,0.88 ± 0.16,0.73 ± 0.22,0.87 ± 0.08,0.57 ± 0.33,0.71 ± 0.23,0.80 ± 0.18,0.65 ± 0.22,0.90 ± 0.12,0.45 ± 0.21,0.74 ± 0.25,0.69 ± 0.21,0.56 ± 0.26,0.85 ± 0.21,0.55 ± 0.31,0.86 ± 0.22,0.79 ± 0.19,0.52 ± 0.23,0.81 ± 0.17,0.60 ± 0.28,0.75 ± 0.22,0.50 ± 0.19,0.53 ± 0.13,0.84 ± 0.12,0.45 ± 0.26,0.70 ± 0.22,0.65 ± 0.19,0.59 ± 0.21,0.65 ± 0.24,0.54 ± 0.30,0.70 ± 0.29,0.62 ± 0.23,0.55 ± 0.20,0.70 ± 0.23,0.75 ± 0.27,0.77 ± 0.23,0.95 ± 0.06,0.80 ± 0.21,0.82 ± 0.17,0.57 ± 0.32,0.82 ± 0.25,0.83 ± 0.15,0.70 ± 0.22,0.83 ± 0.15,0.90 ± 0.19,0.78 ± 0.23,0.85 ± 0.18,0.60 ± 0.20,0.82 ± 0.19,0.42 ± 0.22,0.74 ± 0.21,0.77 ± 0.18,0.69 ± 0.22,0.76 ± 0.22,0.55 ± 0.31,0.71 ± 0.22,0.72 ± 0.22,0.63 ± 0.18,0.77 ± 0.21,0.55 ± 0.31,0.71 ± 0.25,0.79 ± 0.25,0.54 ± 0.19,0.82 ± 0.12,0.57 ± 0.27,0.69 ± 0.26,0.57 ± 0.16,0.49 ± 0.18,0.78 ± 0.15,0.61 ± 0.33,0.76 ± 0.18,0.57 ± 0.20,0.77 ± 0.22,0.75 ± 0.21,0.55 ± 0.29,0.82 ± 0.13,0.68 ± 0.24,0.52 ± 0.13,0.77 ± 0.26,0.77 ± 0.31,0.79 ± 0.22,0.86 ± 0.09,0.85 ± 0.16,0.91 ± 0.09,0.62 ± 0.33,0.84 ± 0.19,0.69 ± 0.20,0.73 ± 0.17,0.87 ± 0.11,0.78 ± 0.32,0.93 ± 0.08,0.89 ± 0.18,0.72 ± 0.22,0.79 ± 0.18,0.39 ± 0.22,0.83 ± 0.22,0.79 ± 0.19,0.64 ± 0.22,0.77 ± 0.18,0.86 ± 0.23,0.80 ± 0.24,0.75 ± 0.24,0.70 ± 0.23,0.84 ± 0.16,0.69 ± 0.29,0.90 ± 0.17,0.63 ± 0.23,0.54 ± 0.14,0.84 ± 0.21,0.72 ± 0.16,0.77 ± 0.28,0.62 ± 0.22,0.49 ± 0.17,0.81 ± 0.10,0.80 ± 0.18,0.82 ± 0.28,0.55 ± 0.15,0.57 ± 0.21,0.90 ± 0.08,0.72 ± 0.21,0.76 ± 0.26,0.69 ± 0.22,0.52 ± 0.23,0.90 ± 0.05,0.92 ± 0.11,0.72 ± 0.27,0.84 ± 0.15,0.76 ± 0.21,0.85 ± 0.14,0.77 ± 0.22,0.85 ± 0.18,0.80 ± 0.19,0.60 ± 0.17,0.82 ± 0.13,0.87 ± 0.10,0.84 ± 0.22,0.74 ± 0.25,0.70 ± 0.22,0.73 ± 0.19,0.77 ± 0.20,0.79 ± 0.23,0.66 ± 0.25,0.50 ± 0.16,0.86 ± 0.09
NDKL,0.11 ± 0.01,0.23 ± 0.11,0.09 ± 0.04,0.09 ± 0.04,0.10 ± 0.02,0.09 ± 0.02,0.25 ± 0.05,0.10 ± 0.04,0.09 ± 0.03,0.09 ± 0.02,0.08 ± 0.02,0.18 ± 0.10,0.13 ± 0.08,0.09 ± 0.03,0.10 ± 0.03,0.08 ± 0.02,0.19 ± 0.14,0.12 ± 0.09,0.10 ± 0.04,0.10 ± 0.03,0.10 ± 0.03,0.18 ± 0.11,0.11 ± 0.07,0.09 ± 0.03,0.10 ± 0.03,0.09 ± 0.03,0.27 ± 0.11,0.15 ± 0.07,0.14 ± 0.07,0.11 ± 0.03,0.10 ± 0.02,0.24 ± 0.04,0.13 ± 0.06,0.14 ± 0.06,0.10 ± 0.01,0.10 ± 0.01,0.25 ± 0.04,0.14 ± 0.06,0.12 ± 0.03,0.11 ± 0.02,0.10 ± 0.02,0.25 ± 0.14,0.12 ± 0.07,0.09 ± 0.03,0.09 ± 0.02,0.10 ± 0.04,0.21 ± 0.11,0.09 ± 0.05,0.09 ± 0.02,0.08 ± 0.02,0.08 ± 0.02,0.15 ± 0.07,0.09 ± 0.03,0.08 ± 0.02,0.08 ± 0.02,0.08 ± 0.02,0.18 ± 0.08,0.10 ± 0.05,0.09 ± 0.02,0.09 ± 0.02,0.08 ± 0.02,0.17 ± 0.08,0.12 ± 0.08,0.09 ± 0.02,0.09 ± 0.02,0.10 ± 0.02,0.15 ± 0.09,0.13 ± 0.07,0.09 ± 0.02,0.08 ± 0.02,0.09 ± 0.02,0.24 ± 0.07,0.12 ± 0.07,0.11 ± 0.05,0.10 ± 0.03,0.10 ± 0.02,0.22 ± 0.05,0.10 ± 0.05,0.11 ± 0.06,0.10 ± 0.02,0.09 ± 0.01,0.23 ± 0.04,0.14 ± 0.05,0.11 ± 0.05,0.11 ± 0.02,0.10 ± 0.01,0.23 ± 0.09,0.10 ± 0.05,0.08 ± 0.03,0.09 ± 0.02,0.09 ± 0.02,0.19 ± 0.06,0.11 ± 0.03,0.10 ± 0.02,0.10 ± 0.02,0.09 ± 0.03,0.17 ± 0.07,0.12 ± 0.05,0.11 ± 0.05,0.10 ± 0.03,0.09 ± 0.03,0.20 ± 0.06,0.14 ± 0.06,0.11 ± 0.06,0.11 ± 0.06,0.09 ± 0.03,0.15 ± 0.07,0.14 ± 0.06,0.14 ± 0.06,0.11 ± 0.04,0.10 ± 0.04,0.16 ± 0.09,0.13 ± 0.04,0.11 ± 0.05,0.10 ± 0.05,0.10 ± 0.04,0.29 ± 0.11,0.15 ± 0.06,0.14 ± 0.06,0.11 ± 0.03,0.10 ± 0.02,0.21 ± 0.04,0.14 ± 0.07,0.12 ± 0.04,0.11 ± 0.03,0.10 ± 0.03,0.19 ± 0.05,0.15 ± 0.06,0.13 ± 0.05,0.10 ± 0.03,0.09 ± 0.02,0.19 ± 0.06,0.12 ± 0.04,0.11 ± 0.05,0.10 ± 0.03,0.09 ± 0.02,0.31 ± 0.07,0.20 ± 0.07,0.18 ± 0.05,0.15 ± 0.02,0.15 ± 0.02,0.31 ± 0.08,0.21 ± 0.05,0.16 ± 0.03,0.14 ± 0.02,0.16 ± 0.03,0.17 ± 0.03,0.16 ± 0.08,0.17 ± 0.06,0.15 ± 0.04,0.15 ± 0.04,0.19 ± 0.03,0.18 ± 0.06,0.17 ± 0.09,0.15 ± 0.03,0.15 ± 0.04,0.18 ± 0.06,0.15 ± 0.03,0.16 ± 0.04,0.15 ± 0.04,0.15 ± 0.04,0.31 ± 0.06,0.19 ± 0.08,0.16 ± 0.07,0.15 ± 0.05,0.14 ± 0.03,0.32 ± 0.04,0.21 ± 0.07,0.18 ± 0.05,0.16 ± 0.05,0.16 ± 0.04,0.31 ± 0.05,0.18 ± 0.07,0.17 ± 0.06,0.15 ± 0.05,0.15 ± 0.04,0.29 ± 0.08,0.21 ± 0.07,0.18 ± 0.05,0.14 ± 0.03,0.15 ± 0.04,0.20 ± 0.09,0.11 ± 0.05,0.09 ± 0.02,0.10 ± 0.02,0.09 ± 0.01,0.22 ± 0.04,0.08 ± 0.02,0.09 ± 0.02,0.08 ± 0.02,0.09 ± 0.01,0.22 ± 0.10,0.14 ± 0.05,0.09 ± 0.02,0.10 ± 0.02,0.10 ± 0.02,0.23 ± 0.06,0.15 ± 0.06,0.11 ± 0.06,0.09 ± 0.02,0.09 ± 0.02,0.24 ± 0.10,0.10 ± 0.05,0.09 ± 0.02,0.08 ± 0.02,0.09 ± 0.02,0.22 ± 0.10,0.15 ± 0.05,0.11 ± 0.03,0.12 ± 0.05,0.10 ± 0.01,0.22 ± 0.10,0.13 ± 0.04,0.12 ± 0.03,0.11 ± 0.02,0.10 ± 0.01,0.23 ± 0.10,0.17 ± 0.06,0.12 ± 0.05,0.10 ± 0.02,0.10 ± 0.02,0.26 ± 0.11,0.15 ± 0.06,0.12 ± 0.05,0.11 ± 0.02,0.11 ± 0.02,0.19 ± 0.11,0.17 ± 0.06,0.11 ± 0.02,0.11 ± 0.02,0.10 ± 0.01,0.32 ± 0.11,0.22 ± 0.04,0.27 ± 0.09,0.15 ± 0.06,0.14 ± 0.05,0.15 ± 0.05,0.12 ± 0.03,0.17 ± 0.08,0.17 ± 0.06,0.11 ± 0.03,0.13 ± 0.05,0.14 ± 0.05,0.32 ± 0.10,0.22 ± 0.08,0.16 ± 0.06,0.16 ± 0.09,0.17 ± 0.08,0.28 ± 0.10,0.17 ± 0.08,0.13 ± 0.03,0.14 ± 0.03,0.17 ± 0.07,0.31 ± 0.10,0.17 ± 0.08,0.13 ± 0.03,0.15 ± 0.08,0.16 ± 0.06,0.18 ± 0.06,0.18 ± 0.05,0.15 ± 0.05,0.14 ± 0.03,0.16 ± 0.04,0.15 ± 0.03,0.17 ± 0.05,0.13 ± 0.04,0.14 ± 0.07,0.15 ± 0.07,0.19 ± 0.05,0.15 ± 0.05,0.14 ± 0.04,0.15 ± 0.05,0.16 ± 0.05,0.21 ± 0.10,0.14 ± 0.05,0.13 ± 0.04,0.13 ± 0.05,0.14 ± 0.05,0.21 ± 0.08,0.13 ± 0.04,0.11 ± 0.02,0.13 ± 0.05,0.13 ± 0.04,0.17 ± 0.07,0.15 ± 0.06,0.13 ± 0.04,0.13 ± 0.06,0.17 ± 0.07,0.28 ± 0.09,0.21 ± 0.08,0.15 ± 0.05,0.14 ± 0.05,0.16 ± 0.05,0.34 ± 0.09,0.14 ± 0.05,0.12 ± 0.05,0.12 ± 0.05,0.14 ± 0.05,0.27 ± 0.08,0.15 ± 0.05,0.16 ± 0.07,0.12 ± 0.04,0.15 ± 0.06,0.14 ± 0.04,0.13 ± 0.03,0.15 ± 0.04,0.15 ± 0.05,0.15 ± 0.05,0.16 ± 0.06,0.15 ± 0.04,0.12 ± 0.04,0.13 ± 0.05,0.17 ± 0.06,0.18 ± 0.06,0.20 ± 0.08,0.14 ± 0.04,0.13 ± 0.04,0.16 ± 0.06,0.17 ± 0.05,0.13 ± 0.05,0.12 ± 0.02,0.14 ± 0.04,0.14 ± 0.07,0.17 ± 0.08,0.14 ± 0.05,0.13 ± 0.03,0.13 ± 0.05,0.13 ± 0.05,0.15 ± 0.08,0.13 ± 0.05,0.14 ± 0.05,0.14 ± 0.05,0.15 ± 0.04,0.27 ± 0.12,0.19 ± 0.08,0.16 ± 0.08,0.17 ± 0.06,0.18 ± 0.07,0.25 ± 0.11,0.15 ± 0.06,0.16 ± 0.06,0.14 ± 0.05,0.17 ± 0.06,0.23 ± 0.11,0.19 ± 0.06,0.15 ± 0.05,0.13 ± 0.04,0.17 ± 0.04,0.18 ± 0.07,0.20 ± 0.03,0.14 ± 0.03,0.15 ± 0.04,0.17 ± 0.06,0.14 ± 0.07,0.19 ± 0.05,0.16 ± 0.05,0.13 ± 0.05,0.16 ± 0.04,0.17 ± 0.06,0.21 ± 0.06,0.17 ± 0.05,0.14 ± 0.05,0.17 ± 0.07,0.15 ± 0.07,0.15 ± 0.04,0.13 ± 0.05,0.15 ± 0.05,0.14 ± 0.04,0.23 ± 0.05,0.17 ± 0.06,0.17 ± 0.05,0.16 ± 0.06,0.16 ± 0.04,0.26 ± 0.05,0.20 ± 0.05,0.15 ± 0.04,0.14 ± 0.05,0.16 ± 0.06,0.27 ± 0.06,0.20 ± 0.04,0.15 ± 0.06,0.15 ± 0.05,0.15 ± 0.04,0.26 ± 0.09,0.17 ± 0.06,0.15 ± 0.06,0.16 ± 0.05,0.16 ± 0.03,0.23 ± 0.10,0.19 ± 0.07,0.15 ± 0.06,0.14 ± 0.05,0.17 ± 0.04,0.24 ± 0.06,0.17 ± 0.05,0.18 ± 0.06,0.15 ± 0.04,0.18 ± 0.04,0.24 ± 0.06,0.19 ± 0.06,0.16 ± 0.04,0.13 ± 0.04,0.16 ± 0.04,0.26 ± 0.06,0.19 ± 0.06,0.17 ± 0.04,0.16 ± 0.06,0.16 ± 0.05,0.25 ± 0.05,0.18 ± 0.06,0.18 ± 0.06,0.13 ± 0.05,0.16 ± 0.06
Average Exposure,0.99 ± 0.01,0.84 ± 0.24,1.00 ± 0.12,1.02 ± 0.10,1.04 ± 0.07,1.04 ± 0.07,0.96 ± 0.31,1.01 ± 0.12,1.03 ± 0.09,1.02 ± 0.07,1.00 ± 0.07,0.97 ± 0.25,1.06 ± 0.18,1.01 ± 0.07,1.04 ± 0.09,1.01 ± 0.08,1.08 ± 0.32,1.06 ± 0.17,1.04 ± 0.11,1.05 ± 0.11,1.05 ± 0.09,1.04 ± 0.25,1.04 ± 0.15,1.00 ± 0.09,1.05 ± 0.10,1.04 ± 0.09,0.76 ± 0.21,1.11 ± 0.15,1.12 ± 0.13,1.09 ± 0.07,1.08 ± 0.07,0.94 ± 0.30,1.08 ± 0.14,1.12 ± 0.13,1.09 ± 0.06,1.07 ± 0.06,0.99 ± 0.29,1.12 ± 0.11,1.11 ± 0.09,1.08 ± 0.07,1.07 ± 0.06,0.84 ± 0.25,1.02 ± 0.17,0.99 ± 0.10,1.02 ± 0.09,1.05 ± 0.10,0.86 ± 0.24,0.99 ± 0.12,1.02 ± 0.08,1.02 ± 0.05,1.00 ± 0.06,0.90 ± 0.20,0.99 ± 0.11,1.01 ± 0.08,1.00 ± 0.05,1.00 ± 0.06,0.95 ± 0.24,1.00 ± 0.13,0.99 ± 0.09,1.04 ± 0.07,1.00 ± 0.07,0.99 ± 0.22,1.04 ± 0.16,1.02 ± 0.08,1.04 ± 0.07,1.01 ± 0.08,0.97 ± 0.22,1.07 ± 0.16,1.01 ± 0.07,1.01 ± 0.08,1.03 ± 0.08,0.71 ± 0.05,1.06 ± 0.13,1.06 ± 0.10,1.06 ± 0.07,1.07 ± 0.07,0.96 ± 0.28,1.03 ± 0.10,1.06 ± 0.12,1.07 ± 0.07,1.06 ± 0.06,0.93 ± 0.28,1.12 ± 0.12,1.09 ± 0.10,1.08 ± 0.07,1.06 ± 0.07,0.81 ± 0.22,0.98 ± 0.14,0.99 ± 0.08,1.00 ± 0.06,0.99 ± 0.07,0.99 ± 0.24,0.92 ± 0.15,0.95 ± 0.12,0.96 ± 0.10,0.95 ± 0.08,0.87 ± 0.18,0.98 ± 0.15,0.98 ± 0.12,0.95 ± 0.11,0.94 ± 0.08,1.11 ± 0.25,1.03 ± 0.18,1.01 ± 0.15,0.96 ± 0.14,0.92 ± 0.07,1.05 ± 0.24,1.02 ± 0.17,1.03 ± 0.16,1.00 ± 0.13,0.97 ± 0.12,1.04 ± 0.26,1.01 ± 0.17,0.99 ± 0.11,0.96 ± 0.11,0.98 ± 0.12,0.68 ± 0.06,1.07 ± 0.13,1.06 ± 0.14,1.01 ± 0.11,1.00 ± 0.10,0.90 ± 0.23,1.03 ± 0.15,1.03 ± 0.12,1.01 ± 0.11,1.00 ± 0.10,0.97 ± 0.20,1.07 ± 0.15,1.05 ± 0.13,1.00 ± 0.09,0.98 ± 0.07,0.82 ± 0.17,0.92 ± 0.14,0.98 ± 0.13,0.93 ± 0.10,0.92 ± 0.08,0.68 ± 0.06,0.75 ± 0.07,0.76 ± 0.05,0.82 ± 0.05,0.82 ± 0.07,0.67 ± 0.05,0.73 ± 0.05,0.78 ± 0.05,0.82 ± 0.05,0.80 ± 0.06,0.95 ± 0.12,0.94 ± 0.26,0.85 ± 0.13,0.91 ± 0.16,0.89 ± 0.15,1.03 ± 0.17,0.89 ± 0.19,0.98 ± 0.26,0.88 ± 0.15,0.88 ± 0.16,0.90 ± 0.13,0.88 ± 0.15,0.91 ± 0.17,0.87 ± 0.15,0.88 ± 0.14,0.68 ± 0.04,0.77 ± 0.08,0.84 ± 0.12,0.82 ± 0.08,0.84 ± 0.06,0.68 ± 0.04,0.74 ± 0.07,0.80 ± 0.10,0.80 ± 0.07,0.78 ± 0.05,0.68 ± 0.03,0.78 ± 0.07,0.78 ± 0.07,0.84 ± 0.08,0.81 ± 0.06,0.69 ± 0.07,0.74 ± 0.07,0.84 ± 0.17,0.83 ± 0.05,0.83 ± 0.08,0.94 ± 0.26,1.03 ± 0.11,1.02 ± 0.07,1.02 ± 0.06,1.04 ± 0.05,0.90 ± 0.25,1.00 ± 0.06,1.02 ± 0.06,1.00 ± 0.06,1.02 ± 0.06,1.02 ± 0.33,1.10 ± 0.12,1.02 ± 0.04,1.01 ± 0.07,1.00 ± 0.07,1.08 ± 0.32,1.12 ± 0.12,1.06 ± 0.10,1.01 ± 0.05,0.99 ± 0.07,1.11 ± 0.36,1.04 ± 0.12,1.00 ± 0.07,0.99 ± 0.05,1.01 ± 0.07,0.99 ± 0.28,1.13 ± 0.10,1.08 ± 0.07,1.10 ± 0.10,1.05 ± 0.07,0.84 ± 0.21,1.11 ± 0.08,1.08 ± 0.07,1.09 ± 0.07,1.07 ± 0.07,1.00 ± 0.35,1.16 ± 0.12,1.07 ± 0.10,1.05 ± 0.08,1.04 ± 0.06,1.10 ± 0.38,1.12 ± 0.13,1.09 ± 0.10,1.08 ± 0.06,1.07 ± 0.07,1.09 ± 0.27,1.16 ± 0.11,1.08 ± 0.08,1.06 ± 0.07,1.07 ± 0.06,1.22 ± 0.46,0.72 ± 0.03,1.21 ± 0.37,0.79 ± 0.07,0.79 ± 0.05,0.80 ± 0.07,0.82 ± 0.06,1.02 ± 0.22,0.76 ± 0.07,0.84 ± 0.05,0.82 ± 0.07,0.81 ± 0.08,1.06 ± 0.49,0.73 ± 0.06,0.78 ± 0.06,0.80 ± 0.08,0.81 ± 0.12,1.00 ± 0.42,0.79 ± 0.08,0.84 ± 0.08,0.83 ± 0.09,0.90 ± 0.25,0.89 ± 0.42,0.79 ± 0.09,0.81 ± 0.04,0.83 ± 0.12,0.78 ± 0.08,0.77 ± 0.13,0.75 ± 0.04,0.78 ± 0.06,0.80 ± 0.05,0.76 ± 0.05,0.97 ± 0.20,0.76 ± 0.05,0.81 ± 0.06,0.80 ± 0.06,0.79 ± 0.08,0.84 ± 0.20,0.79 ± 0.06,0.79 ± 0.05,0.77 ± 0.05,0.77 ± 0.05,1.08 ± 0.32,0.81 ± 0.06,0.81 ± 0.06,0.83 ± 0.07,0.79 ± 0.06,1.16 ± 0.29,0.82 ± 0.06,0.84 ± 0.04,0.81 ± 0.06,0.81 ± 0.07,1.06 ± 0.21,0.79 ± 0.07,0.83 ± 0.07,0.82 ± 0.08,0.78 ± 0.08,0.87 ± 0.37,0.74 ± 0.06,0.83 ± 0.13,0.81 ± 0.05,0.77 ± 0.06,1.29 ± 0.44,0.82 ± 0.09,0.82 ± 0.06,0.82 ± 0.05,0.82 ± 0.09,1.06 ± 0.41,0.80 ± 0.07,0.78 ± 0.06,0.82 ± 0.04,0.89 ± 0.21,0.85 ± 0.14,0.80 ± 0.03,0.78 ± 0.05,0.78 ± 0.06,0.78 ± 0.07,0.99 ± 0.22,0.79 ± 0.07,0.83 ± 0.06,0.80 ± 0.07,0.76 ± 0.05,0.77 ± 0.10,0.74 ± 0.06,0.80 ± 0.06,0.81 ± 0.04,0.78 ± 0.06,1.12 ± 0.19,0.81 ± 0.07,0.81 ± 0.03,0.81 ± 0.05,0.83 ± 0.09,0.98 ± 0.25,0.81 ± 0.08,0.79 ± 0.04,0.81 ± 0.07,0.81 ± 0.08,0.97 ± 0.19,0.82 ± 0.08,0.79 ± 0.06,0.81 ± 0.07,0.78 ± 0.06,1.04 ± 0.42,0.77 ± 0.10,0.81 ± 0.11,0.78 ± 0.07,0.77 ± 0.08,1.01 ± 0.40,0.79 ± 0.07,0.78 ± 0.07,0.80 ± 0.07,0.84 ± 0.24,1.04 ± 0.38,0.75 ± 0.07,0.78 ± 0.06,0.81 ± 0.05,0.83 ± 0.21,0.83 ± 0.18,0.74 ± 0.03,0.78 ± 0.05,0.77 ± 0.05,0.75 ± 0.05,0.89 ± 0.16,0.75 ± 0.04,0.78 ± 0.08,0.82 ± 0.08,0.76 ± 0.05,0.84 ± 0.17,0.73 ± 0.05,0.76 ± 0.06,0.80 ± 0.06,0.77 ± 0.07,1.06 ± 0.17,0.79 ± 0.06,0.80 ± 0.06,0.80 ± 0.07,0.79 ± 0.05,0.72 ± 0.05,0.77 ± 0.06,0.77 ± 0.05,0.78 ± 0.07,0.78 ± 0.07,0.72 ± 0.10,0.74 ± 0.05,0.78 ± 0.05,0.80 ± 0.06,0.77 ± 0.06,0.69 ± 0.04,0.74 ± 0.04,0.80 ± 0.06,0.79 ± 0.07,0.77 ± 0.04,0.72 ± 0.12,0.77 ± 0.07,0.79 ± 0.06,0.78 ± 0.05,0.78 ± 0.06,0.77 ± 0.16,0.77 ± 0.07,0.79 ± 0.06,0.80 ± 0.06,0.76 ± 0.05,0.70 ± 0.04,0.77 ± 0.06,0.76 ± 0.06,0.78 ± 0.04,0.75 ± 0.05,0.70 ± 0.04,0.75 ± 0.05,0.77 ± 0.06,0.80 ± 0.05,0.77 ± 0.04,0.70 ± 0.04,0.74 ± 0.05,0.77 ± 0.05,0.77 ± 0.06,0.77 ± 0.05,0.73 ± 0.10,0.76 ± 0.07,0.77 ± 0.06,0.83 ± 0.09,0.78 ± 0.08
AveExpR CI-95,0.99 ± 0.01,0.84 ± 0.15,1.00 ± 0.08,1.02 ± 0.06,1.04 ± 0.04,1.04 ± 0.04,0.96 ± 0.19,1.01 ± 0.08,1.03 ± 0.05,1.02 ± 0.04,1.00 ± 0.04,0.97 ± 0.16,1.06 ± 0.11,1.01 ± 0.04,1.04 ± 0.06,1.01 ± 0.05,1.08 ± 0.20,1.06 ± 0.10,1.04 ± 0.07,1.05 ± 0.07,1.05 ± 0.06,1.04 ± 0.16,1.04 ± 0.09,1.00 ± 0.06,1.05 ± 0.06,1.04 ± 0.06,0.76 ± 0.13,1.11 ± 0.09,1.12 ± 0.08,1.09 ± 0.04,1.08 ± 0.04,0.94 ± 0.18,1.08 ± 0.09,1.12 ± 0.08,1.09 ± 0.04,1.07 ± 0.04,0.99 ± 0.18,1.12 ± 0.07,1.11 ± 0.06,1.08 ± 0.05,1.07 ± 0.04,0.84 ± 0.15,1.02 ± 0.11,0.99 ± 0.06,1.02 ± 0.05,1.05 ± 0.06,0.86 ± 0.15,0.99 ± 0.07,1.02 ± 0.05,1.02 ± 0.03,1.00 ± 0.04,0.90 ± 0.12,0.99 ± 0.07,1.01 ± 0.05,1.00 ± 0.03,1.00 ± 0.04,0.95 ± 0.15,1.00 ± 0.08,0.99 ± 0.05,1.04 ± 0.04,1.00 ± 0.04,0.99 ± 0.14,1.04 ± 0.10,1.02 ± 0.05,1.04 ± 0.04,1.01 ± 0.05,0.97 ± 0.14,1.07 ± 0.10,1.01 ± 0.05,1.01 ± 0.05,1.03 ± 0.05,0.71 ± 0.03,1.06 ± 0.08,1.06 ± 0.06,1.06 ± 0.05,1.07 ± 0.04,0.96 ± 0.17,1.03 ± 0.06,1.06 ± 0.08,1.07 ± 0.04,1.06 ± 0.03,0.93 ± 0.17,1.12 ± 0.07,1.09 ± 0.06,1.08 ± 0.04,1.06 ± 0.04,0.81 ± 0.13,0.98 ± 0.09,0.99 ± 0.05,1.00 ± 0.04,0.99 ± 0.04,0.99 ± 0.15,0.92 ± 0.10,0.95 ± 0.07,0.96 ± 0.06,0.95 ± 0.05,0.87 ± 0.11,0.98 ± 0.09,0.98 ± 0.07,0.95 ± 0.07,0.94 ± 0.05,1.11 ± 0.16,1.03 ± 0.11,1.01 ± 0.09,0.96 ± 0.09,0.92 ± 0.04,1.05 ± 0.15,1.02 ± 0.11,1.03 ± 0.10,1.00 ± 0.08,0.97 ± 0.07,1.04 ± 0.16,1.01 ± 0.10,0.99 ± 0.07,0.96 ± 0.07,0.98 ± 0.07,0.68 ± 0.04,1.07 ± 0.08,1.06 ± 0.08,1.01 ± 0.07,1.00 ± 0.06,0.90 ± 0.14,1.03 ± 0.09,1.03 ± 0.07,1.01 ± 0.07,1.00 ± 0.06,0.97 ± 0.13,1.07 ± 0.09,1.05 ± 0.08,1.00 ± 0.06,0.98 ± 0.05,0.82 ± 0.11,0.92 ± 0.08,0.98 ± 0.08,0.93 ± 0.06,0.92 ± 0.05,0.68 ± 0.03,0.75 ± 0.05,0.76 ± 0.03,0.82 ± 0.03,0.82 ± 0.04,0.67 ± 0.03,0.73 ± 0.03,0.78 ± 0.03,0.82 ± 0.03,0.80 ± 0.04,0.95 ± 0.07,0.94 ± 0.16,0.85 ± 0.08,0.91 ± 0.10,0.89 ± 0.09,1.03 ± 0.11,0.89 ± 0.12,0.98 ± 0.16,0.88 ± 0.09,0.88 ± 0.10,0.90 ± 0.08,0.88 ± 0.09,0.91 ± 0.11,0.87 ± 0.09,0.88 ± 0.09,0.68 ± 0.02,0.77 ± 0.05,0.84 ± 0.07,0.82 ± 0.05,0.84 ± 0.04,0.68 ± 0.02,0.74 ± 0.04,0.80 ± 0.06,0.80 ± 0.04,0.78 ± 0.03,0.68 ± 0.02,0.78 ± 0.05,0.78 ± 0.05,0.84 ± 0.05,0.81 ± 0.04,0.69 ± 0.04,0.74 ± 0.05,0.84 ± 0.10,0.83 ± 0.03,0.83 ± 0.05,0.94 ± 0.16,1.03 ± 0.07,1.02 ± 0.04,1.02 ± 0.04,1.04 ± 0.03,0.90 ± 0.16,1.00 ± 0.04,1.02 ± 0.04,1.00 ± 0.04,1.02 ± 0.04,1.02 ± 0.21,1.10 ± 0.07,1.02 ± 0.03,1.01 ± 0.04,1.00 ± 0.04,1.08 ± 0.20,1.12 ± 0.08,1.06 ± 0.06,1.01 ± 0.03,0.99 ± 0.04,1.11 ± 0.22,1.04 ± 0.07,1.00 ± 0.04,0.99 ± 0.03,1.01 ± 0.04,0.99 ± 0.18,1.13 ± 0.06,1.08 ± 0.05,1.10 ± 0.06,1.05 ± 0.04,0.84 ± 0.13,1.11 ± 0.05,1.08 ± 0.04,1.09 ± 0.04,1.07 ± 0.04,1.00 ± 0.21,1.16 ± 0.07,1.07 ± 0.06,1.05 ± 0.05,1.04 ± 0.04,1.10 ± 0.24,1.12 ± 0.08,1.09 ± 0.06,1.08 ± 0.04,1.07 ± 0.04,1.09 ± 0.17,1.16 ± 0.07,1.08 ± 0.05,1.06 ± 0.04,1.07 ± 0.04,1.22 ± 0.28,0.72 ± 0.02,1.21 ± 0.23,0.79 ± 0.04,0.79 ± 0.03,0.80 ± 0.04,0.82 ± 0.04,1.02 ± 0.14,0.76 ± 0.04,0.84 ± 0.03,0.82 ± 0.04,0.81 ± 0.05,1.06 ± 0.30,0.73 ± 0.03,0.78 ± 0.04,0.80 ± 0.05,0.81 ± 0.07,1.00 ± 0.26,0.79 ± 0.05,0.84 ± 0.05,0.83 ± 0.06,0.90 ± 0.15,0.89 ± 0.26,0.79 ± 0.06,0.81 ± 0.03,0.83 ± 0.07,0.78 ± 0.05,0.77 ± 0.08,0.75 ± 0.03,0.78 ± 0.04,0.80 ± 0.03,0.76 ± 0.03,0.97 ± 0.12,0.76 ± 0.03,0.81 ± 0.04,0.80 ± 0.04,0.79 ± 0.05,0.84 ± 0.13,0.79 ± 0.04,0.79 ± 0.03,0.77 ± 0.03,0.77 ± 0.03,1.08 ± 0.20,0.81 ± 0.04,0.81 ± 0.03,0.83 ± 0.04,0.79 ± 0.03,1.16 ± 0.18,0.82 ± 0.04,0.84 ± 0.03,0.81 ± 0.04,0.81 ± 0.04,1.06 ± 0.13,0.79 ± 0.04,0.83 ± 0.04,0.82 ± 0.05,0.78 ± 0.05,0.87 ± 0.23,0.74 ± 0.04,0.83 ± 0.08,0.81 ± 0.03,0.77 ± 0.04,1.29 ± 0.27,0.82 ± 0.06,0.82 ± 0.04,0.82 ± 0.03,0.82 ± 0.05,1.06 ± 0.25,0.80 ± 0.04,0.78 ± 0.04,0.82 ± 0.02,0.89 ± 0.13,0.85 ± 0.09,0.80 ± 0.02,0.78 ± 0.03,0.78 ± 0.04,0.78 ± 0.04,0.99 ± 0.14,0.79 ± 0.04,0.83 ± 0.04,0.80 ± 0.04,0.76 ± 0.03,0.77 ± 0.06,0.74 ± 0.04,0.80 ± 0.04,0.81 ± 0.02,0.78 ± 0.04,1.12 ± 0.12,0.81 ± 0.04,0.81 ± 0.02,0.81 ± 0.03,0.83 ± 0.06,0.98 ± 0.16,0.81 ± 0.05,0.79 ± 0.03,0.81 ± 0.04,0.81 ± 0.05,0.97 ± 0.12,0.82 ± 0.05,0.79 ± 0.04,0.81 ± 0.04,0.78 ± 0.04,1.04 ± 0.26,0.77 ± 0.06,0.81 ± 0.07,0.78 ± 0.04,0.77 ± 0.05,1.01 ± 0.25,0.79 ± 0.04,0.78 ± 0.04,0.80 ± 0.04,0.84 ± 0.15,1.04 ± 0.23,0.75 ± 0.04,0.78 ± 0.04,0.81 ± 0.03,0.83 ± 0.13,0.83 ± 0.11,0.74 ± 0.02,0.78 ± 0.03,0.77 ± 0.03,0.75 ± 0.03,0.89 ± 0.10,0.75 ± 0.03,0.78 ± 0.05,0.82 ± 0.05,0.76 ± 0.03,0.84 ± 0.10,0.73 ± 0.03,0.76 ± 0.04,0.80 ± 0.04,0.77 ± 0.04,1.06 ± 0.10,0.79 ± 0.04,0.80 ± 0.03,0.80 ± 0.04,0.79 ± 0.03,0.72 ± 0.03,0.77 ± 0.04,0.77 ± 0.03,0.78 ± 0.04,0.78 ± 0.04,0.72 ± 0.06,0.74 ± 0.03,0.78 ± 0.03,0.80 ± 0.04,0.77 ± 0.04,0.69 ± 0.03,0.74 ± 0.03,0.80 ± 0.04,0.79 ± 0.04,0.77 ± 0.02,0.72 ± 0.08,0.77 ± 0.04,0.79 ± 0.04,0.78 ± 0.03,0.78 ± 0.03,0.77 ± 0.10,0.77 ± 0.05,0.79 ± 0.04,0.80 ± 0.04,0.76 ± 0.03,0.70 ± 0.02,0.77 ± 0.04,0.76 ± 0.04,0.78 ± 0.03,0.75 ± 0.03,0.70 ± 0.02,0.75 ± 0.03,0.77 ± 0.04,0.80 ± 0.03,0.77 ± 0.03,0.70 ± 0.03,0.74 ± 0.03,0.77 ± 0.03,0.77 ± 0.04,0.77 ± 0.03,0.73 ± 0.06,0.76 ± 0.04,0.77 ± 0.04,0.83 ± 0.05,0.78 ± 0.05
